{
  "datetime": "2025-10-01T18:29:35.778878",
  "optimize_metric": "recall@20",
  "best": {
    "keep_rate": 0.95,
    "reg_weight": 1e-06,
    "temperature": 0.1,
    "eps": 0.1,
    "best_epoch": 162,
    "val_recall_target": 0.13263841112473168,
    "test_recall_target": 0.13212306666655477,
    "val_recall_list": [
      0.048459814104447024,
      0.08112350647974963,
      0.1306058297887371
    ],
    "test_recall_list": [
      0.04858183173726719,
      0.08063683941133641,
      0.13212306666655477
    ],
    "k": [
      5,
      10,
      20
    ]
  },
  "all_results": [
    {
      "keep_rate": 0.9,
      "reg_weight": 1e-07,
      "temperature": 0.1,
      "eps": 0.1,
      "best_epoch": 114,
      "val_recall_target": 0.12591513464172616,
      "test_recall_target": 0.12446527826111685,
      "val_recall_list": [
        0.0460122393317472,
        0.07666853620634806,
        0.12510803583323513
      ],
      "test_recall_list": [
        0.04536081356943975,
        0.07582159558292505,
        0.12446527826111685
      ],
      "k": [
        5,
        10,
        20
      ]
    },
    {
      "keep_rate": 0.9,
      "reg_weight": 5e-06,
      "temperature": 0.1,
      "eps": 0.1,
      "best_epoch": 144,
      "val_recall_target": 0.11210965744692902,
      "test_recall_target": 0.10741454261333076,
      "val_recall_list": [
        0.040862406691116085,
        0.0676830138402082,
        0.11109616019340791
      ],
      "test_recall_list": [
        0.038615280338183504,
        0.06570424675035513,
        0.10741454261333076
      ],
      "k": [
        5,
        10,
        20
      ]
    },
    {
      "keep_rate": 0.9,
      "reg_weight": 1e-06,
      "temperature": 0.1,
      "eps": 0.1,
      "best_epoch": 162,
      "val_recall_target": 0.13160093087845204,
      "test_recall_target": 0.12991715090869513,
      "val_recall_list": [
        0.0480802502835975,
        0.08105359461403082,
        0.13160068114705475
      ],
      "test_recall_list": [
        0.04634698091024322,
        0.07962611876306004,
        0.12991715090869513
      ],
      "k": [
        5,
        10,
        20
      ]
    },
    {
      "keep_rate": 0.9,
      "reg_weight": 1e-05,
      "temperature": 0.1,
      "eps": 0.1,
      "best_epoch": 105,
      "val_recall_target": 0.10007344315140833,
      "test_recall_target": 0.0957915247710038,
      "val_recall_list": [
        0.0351374634169862,
        0.061868240399177335,
        0.09994827655421341
      ],
      "test_recall_list": [
        0.03435664846022284,
        0.05888518895546759,
        0.0957915247710038
      ],
      "k": [
        5,
        10,
        20
      ]
    },
    {
      "keep_rate": 0.95,
      "reg_weight": 1e-07,
      "temperature": 0.1,
      "eps": 0.1,
      "best_epoch": 138,
      "val_recall_target": 0.12682345936083533,
      "test_recall_target": 0.12606762188979237,
      "val_recall_list": [
        0.04553404208245905,
        0.07640209039507975,
        0.12529481652085606
      ],
      "test_recall_list": [
        0.0443478421112887,
        0.0747146812687239,
        0.12606762188979237
      ],
      "k": [
        5,
        10,
        20
      ]
    },
    {
      "keep_rate": 0.95,
      "reg_weight": 5e-06,
      "temperature": 0.1,
      "eps": 0.1,
      "best_epoch": 150,
      "val_recall_target": 0.11527518254082054,
      "test_recall_target": 0.11075486018602522,
      "val_recall_list": [
        0.04112763934678475,
        0.06910062856912237,
        0.11298335227922798
      ],
      "test_recall_list": [
        0.03934394533050249,
        0.06839897706084447,
        0.11075486018602522
      ],
      "k": [
        5,
        10,
        20
      ]
    },
    {
      "keep_rate": 0.95,
      "reg_weight": 1e-06,
      "temperature": 0.1,
      "eps": 0.1,
      "best_epoch": 162,
      "val_recall_target": 0.13263841112473168,
      "test_recall_target": 0.13212306666655477,
      "val_recall_list": [
        0.048459814104447024,
        0.08112350647974963,
        0.1306058297887371
      ],
      "test_recall_list": [
        0.04858183173726719,
        0.08063683941133641,
        0.13212306666655477
      ],
      "k": [
        5,
        10,
        20
      ]
    },
    {
      "keep_rate": 0.95,
      "reg_weight": 1e-05,
      "temperature": 0.1,
      "eps": 0.1,
      "best_epoch": 102,
      "val_recall_target": 0.10244624820644052,
      "test_recall_target": 0.09787447759028302,
      "val_recall_list": [
        0.036756853311346496,
        0.061635468988562966,
        0.10206161458079147
      ],
      "test_recall_list": [
        0.03439726721129269,
        0.05993942899072652,
        0.09787447759028302
      ],
      "k": [
        5,
        10,
        20
      ]
    },
    {
      "keep_rate": 1.0,
      "reg_weight": 1e-07,
      "temperature": 0.1,
      "eps": 0.1,
      "best_epoch": 93,
      "val_recall_target": 0.12197304224935655,
      "test_recall_target": 0.12138564833133016,
      "val_recall_list": [
        0.04369939541128858,
        0.07438287891574133,
        0.12090466436562343
      ],
      "test_recall_list": [
        0.04368982592349967,
        0.07271205414093654,
        0.12138564833133016
      ],
      "k": [
        5,
        10,
        20
      ]
    },
    {
      "keep_rate": 1.0,
      "reg_weight": 5e-06,
      "temperature": 0.1,
      "eps": 0.1,
      "best_epoch": 165,
      "val_recall_target": 0.11765511595134134,
      "test_recall_target": 0.11253235133447237,
      "val_recall_list": [
        0.042900379539473205,
        0.07278625349084179,
        0.11580339574950471
      ],
      "test_recall_list": [
        0.041197863306340995,
        0.06846994351422205,
        0.11253235133447237
      ],
      "k": [
        5,
        10,
        20
      ]
    },
    {
      "keep_rate": 1.0,
      "reg_weight": 1e-06,
      "temperature": 0.1,
      "eps": 0.1,
      "best_epoch": 144,
      "val_recall_target": 0.13111611597990716,
      "test_recall_target": 0.1297391367447703,
      "val_recall_list": [
        0.04865077666044354,
        0.07999779510824118,
        0.13042038302548767
      ],
      "test_recall_list": [
        0.047704196845860115,
        0.08034089425344156,
        0.1297391367447703
      ],
      "k": [
        5,
        10,
        20
      ]
    },
    {
      "keep_rate": 1.0,
      "reg_weight": 1e-05,
      "temperature": 0.1,
      "eps": 0.1,
      "best_epoch": 87,
      "val_recall_target": 0.1040094743121575,
      "test_recall_target": 0.09934425139812868,
      "val_recall_list": [
        0.03693577899916646,
        0.06368810535257849,
        0.10207995888393978
      ],
      "test_recall_list": [
        0.03512049920286154,
        0.06164038205630006,
        0.09934425139812868
      ],
      "k": [
        5,
        10,
        20
      ]
    }
  ]
}