{
  "datetime": "2025-10-01T23:10:37.938306",
  "optimize_metric": "recall@20",
  "best": {
    "keep_rate": 0.95,
    "reg_weight": 5e-06,
    "temperature": 0.1,
    "eps": 0.1,
    "best_epoch": 144,
    "val_recall_target": 0.10381198601709246,
    "test_recall_target": 0.09653454751249545,
    "val_recall_list": [
      0.0407336003399969,
      0.06519843647752092,
      0.10129103654126762
    ],
    "test_recall_list": [
      0.03670526883045091,
      0.06195500107492595,
      0.09653454751249545
    ],
    "k": [
      5,
      10,
      20
    ]
  },
  "all_results": [
    {
      "keep_rate": 0.9,
      "reg_weight": 1e-07,
      "temperature": 0.1,
      "eps": 0.1,
      "best_epoch": 81,
      "val_recall_target": 0.09845556529930985,
      "test_recall_target": 0.09407407650412229,
      "val_recall_list": [
        0.03838827176760591,
        0.06153785046866955,
        0.09716858084736466
      ],
      "test_recall_list": [
        0.03657082117496159,
        0.05792805018375076,
        0.09407407650412229
      ],
      "k": [
        5,
        10,
        20
      ]
    },
    {
      "keep_rate": 0.9,
      "reg_weight": 5e-06,
      "temperature": 0.1,
      "eps": 0.1,
      "best_epoch": 99,
      "val_recall_target": 0.09905204396424519,
      "test_recall_target": 0.09713015403115342,
      "val_recall_list": [
        0.038150896068728166,
        0.06282095923517828,
        0.09864362738529915
      ],
      "test_recall_list": [
        0.03712046734639098,
        0.060404400473800565,
        0.09713015403115342
      ],
      "k": [
        5,
        10,
        20
      ]
    },
    {
      "keep_rate": 0.9,
      "reg_weight": 1e-06,
      "temperature": 0.1,
      "eps": 0.1,
      "best_epoch": 96,
      "val_recall_target": 0.10030933595109146,
      "test_recall_target": 0.09505566547475126,
      "val_recall_list": [
        0.039616837162893326,
        0.06250435235242842,
        0.09966532912353843
      ],
      "test_recall_list": [
        0.03516781477515397,
        0.05907486559872483,
        0.09505566547475126
      ],
      "k": [
        5,
        10,
        20
      ]
    },
    {
      "keep_rate": 0.9,
      "reg_weight": 1e-05,
      "temperature": 0.1,
      "eps": 0.1,
      "best_epoch": 156,
      "val_recall_target": 0.10097498886551688,
      "test_recall_target": 0.0982898840558117,
      "val_recall_list": [
        0.03950796254697893,
        0.06533161910978422,
        0.10073113083352135
      ],
      "test_recall_list": [
        0.036515847397993496,
        0.0614738486635839,
        0.0982898840558117
      ],
      "k": [
        5,
        10,
        20
      ]
    },
    {
      "keep_rate": 0.95,
      "reg_weight": 1e-07,
      "temperature": 0.1,
      "eps": 0.1,
      "best_epoch": 75,
      "val_recall_target": 0.09958405881711771,
      "test_recall_target": 0.09272346847758395,
      "val_recall_list": [
        0.03864709862377009,
        0.06357998882882816,
        0.09933484435484069
      ],
      "test_recall_list": [
        0.03557072294972078,
        0.058289329594644876,
        0.09272346847758395
      ],
      "k": [
        5,
        10,
        20
      ]
    },
    {
      "keep_rate": 0.95,
      "reg_weight": 5e-06,
      "temperature": 0.1,
      "eps": 0.1,
      "best_epoch": 144,
      "val_recall_target": 0.10381198601709246,
      "test_recall_target": 0.09653454751249545,
      "val_recall_list": [
        0.0407336003399969,
        0.06519843647752092,
        0.10129103654126762
      ],
      "test_recall_list": [
        0.03670526883045091,
        0.06195500107492595,
        0.09653454751249545
      ],
      "k": [
        5,
        10,
        20
      ]
    },
    {
      "keep_rate": 0.95,
      "reg_weight": 1e-06,
      "temperature": 0.1,
      "eps": 0.1,
      "best_epoch": 114,
      "val_recall_target": 0.09951124273595457,
      "test_recall_target": 0.09537110629425236,
      "val_recall_list": [
        0.038185533172647286,
        0.06212563602390292,
        0.09889391143515806
      ],
      "test_recall_list": [
        0.03588828439354091,
        0.06134048726179832,
        0.09537110629425236
      ],
      "k": [
        5,
        10,
        20
      ]
    },
    {
      "keep_rate": 0.95,
      "reg_weight": 1e-05,
      "temperature": 0.1,
      "eps": 0.1,
      "best_epoch": 93,
      "val_recall_target": 0.10012443712344415,
      "test_recall_target": 0.09515774778624546,
      "val_recall_list": [
        0.03829094373362593,
        0.0623584646475495,
        0.09814772529844162
      ],
      "test_recall_list": [
        0.035208666306108444,
        0.0605768890000575,
        0.09515774778624546
      ],
      "k": [
        5,
        10,
        20
      ]
    },
    {
      "keep_rate": 1.0,
      "reg_weight": 1e-07,
      "temperature": 0.1,
      "eps": 0.1,
      "best_epoch": 87,
      "val_recall_target": 0.09597119320117613,
      "test_recall_target": 0.0899087322070525,
      "val_recall_list": [
        0.036954922596028505,
        0.05879476455482221,
        0.09418423044218788
      ],
      "test_recall_list": [
        0.03596831477796896,
        0.05728377884035512,
        0.0899087322070525
      ],
      "k": [
        5,
        10,
        20
      ]
    },
    {
      "keep_rate": 1.0,
      "reg_weight": 5e-06,
      "temperature": 0.1,
      "eps": 0.1,
      "best_epoch": 99,
      "val_recall_target": 0.10133423204679158,
      "test_recall_target": 0.09425688022002603,
      "val_recall_list": [
        0.04009111777982681,
        0.0629587026728917,
        0.10052006773152425
      ],
      "test_recall_list": [
        0.03636037617494326,
        0.05928179298569238,
        0.09425688022002603
      ],
      "k": [
        5,
        10,
        20
      ]
    },
    {
      "keep_rate": 1.0,
      "reg_weight": 1e-06,
      "temperature": 0.1,
      "eps": 0.1,
      "best_epoch": 66,
      "val_recall_target": 0.09681607465564653,
      "test_recall_target": 0.09160376610854684,
      "val_recall_list": [
        0.03764475841759209,
        0.06009841379696356,
        0.09595804975292646
      ],
      "test_recall_list": [
        0.03469264757850877,
        0.057150686488617694,
        0.09160376610854684
      ],
      "k": [
        5,
        10,
        20
      ]
    },
    {
      "keep_rate": 1.0,
      "reg_weight": 1e-05,
      "temperature": 0.1,
      "eps": 0.1,
      "best_epoch": 90,
      "val_recall_target": 0.09923368844638264,
      "test_recall_target": 0.09303897508450741,
      "val_recall_list": [
        0.03804868926915967,
        0.06312757862613554,
        0.09916884863086613
      ],
      "test_recall_list": [
        0.035813727683495465,
        0.05892320091939909,
        0.09303897508450741
      ],
      "k": [
        5,
        10,
        20
      ]
    }
  ]
}