{
  "datetime": "2025-10-01T16:04:41.070296",
  "optimize_metric": "recall@20",
  "best": {
    "keep_rate": 1.0,
    "reg_weight": 1e-07,
    "temperature": 0.1,
    "eps": 0.1,
    "best_epoch": 99,
    "val_recall_target": 0.10201391272695103,
    "test_recall_target": 0.09354561049768792,
    "val_recall_list": [
      0.0402630846664184,
      0.06449662802429121,
      0.10122279590751299
    ],
    "test_recall_list": [
      0.036464410010179686,
      0.060149722106526485,
      0.09354561049768792
    ],
    "k": [
      5,
      10,
      20
    ]
  },
  "all_results": [
    {
      "keep_rate": 0.9,
      "reg_weight": 1e-07,
      "temperature": 0.1,
      "eps": 0.1,
      "best_epoch": 84,
      "val_recall_target": 0.098228101571831,
      "test_recall_target": 0.09406699348119646,
      "val_recall_list": [
        0.03850715400082984,
        0.06094595405309251,
        0.09601138503136479
      ],
      "test_recall_list": [
        0.03623446075240429,
        0.05893771861216325,
        0.09406699348119646
      ],
      "k": [
        5,
        10,
        20
      ]
    },
    {
      "keep_rate": 0.9,
      "reg_weight": 5e-06,
      "temperature": 0.1,
      "eps": 0.1,
      "best_epoch": 114,
      "val_recall_target": 0.09869637581919652,
      "test_recall_target": 0.097042373458839,
      "val_recall_list": [
        0.038701981234044947,
        0.0643198615284952,
        0.09828834827808089
      ],
      "test_recall_list": [
        0.03684424804786779,
        0.060538299100011024,
        0.097042373458839
      ],
      "k": [
        5,
        10,
        20
      ]
    },
    {
      "keep_rate": 0.9,
      "reg_weight": 1e-06,
      "temperature": 0.1,
      "eps": 0.1,
      "best_epoch": 96,
      "val_recall_target": 0.10031298473569387,
      "test_recall_target": 0.0951717453557412,
      "val_recall_list": [
        0.039616837162893326,
        0.06248682141031559,
        0.09979681118938465
      ],
      "test_recall_list": [
        0.035220407601492455,
        0.059106327378766595,
        0.0951717453557412
      ],
      "k": [
        5,
        10,
        20
      ]
    },
    {
      "keep_rate": 0.9,
      "reg_weight": 1e-05,
      "temperature": 0.1,
      "eps": 0.1,
      "best_epoch": 105,
      "val_recall_target": 0.09944199590113836,
      "test_recall_target": 0.09236023347979297,
      "val_recall_list": [
        0.038535508184259507,
        0.061976654848239214,
        0.0978959634916961
      ],
      "test_recall_list": [
        0.036518796285491734,
        0.05866062786558873,
        0.09236023347979297
      ],
      "k": [
        5,
        10,
        20
      ]
    },
    {
      "keep_rate": 1.0,
      "reg_weight": 1e-07,
      "temperature": 0.1,
      "eps": 0.1,
      "best_epoch": 99,
      "val_recall_target": 0.10201391272695103,
      "test_recall_target": 0.09354561049768792,
      "val_recall_list": [
        0.0402630846664184,
        0.06449662802429121,
        0.10122279590751299
      ],
      "test_recall_list": [
        0.036464410010179686,
        0.060149722106526485,
        0.09354561049768792
      ],
      "k": [
        5,
        10,
        20
      ]
    },
    {
      "keep_rate": 1.0,
      "reg_weight": 5e-06,
      "temperature": 0.1,
      "eps": 0.1,
      "best_epoch": 141,
      "val_recall_target": 0.10199182122034384,
      "test_recall_target": 0.09345644157859904,
      "val_recall_list": [
        0.040031927462054286,
        0.06421623559315996,
        0.10094085773320367
      ],
      "test_recall_list": [
        0.03659680394278308,
        0.05878568526838606,
        0.09345644157859904
      ],
      "k": [
        5,
        10,
        20
      ]
    },
    {
      "keep_rate": 1.0,
      "reg_weight": 1e-06,
      "temperature": 0.1,
      "eps": 0.1,
      "best_epoch": 87,
      "val_recall_target": 0.10067563903829693,
      "test_recall_target": 0.09595449006810382,
      "val_recall_list": [
        0.03922329369597301,
        0.06277697882576638,
        0.10033210656712169
      ],
      "test_recall_list": [
        0.036832407208801696,
        0.06041376395457023,
        0.09595449006810382
      ],
      "k": [
        5,
        10,
        20
      ]
    },
    {
      "keep_rate": 1.0,
      "reg_weight": 1e-05,
      "temperature": 0.1,
      "eps": 0.1,
      "best_epoch": 96,
      "val_recall_target": 0.10005569922527285,
      "test_recall_target": 0.09696454136305514,
      "val_recall_list": [
        0.039622466416708135,
        0.06377258722087248,
        0.09899762813898849
      ],
      "test_recall_list": [
        0.0364621229753114,
        0.06002073749242479,
        0.09696454136305514
      ],
      "k": [
        5,
        10,
        20
      ]
    }
  ]
}